{
  "config": {
    "vocab_size": 280,
    "block_size": 32,
    "d_model": 48,
    "n_heads": 4,
    "n_layers": 2,
    "mlp_ratio": 2.6666666666666665
  },
  "parameters": 70560,
  "initial_loss": 5.636066913604736,
  "uniform_loss_ln_vocab": 5.634789603169249,
  "final_loss_mean_10": 3.5181572914123533,
  "max_cached_logit_error": 9.5367431640625e-07,
  "cache_tokens": [
    10,
    11,
    12,
    13,
    14,
    15,
    16,
    17,
    18,
    19,
    20,
    21,
    22
  ],
  "cache_bytes": [
    7680,
    8448,
    9216,
    9984,
    10752,
    11520,
    12288,
    13056,
    13824,
    14592,
    15360,
    16128,
    16896
  ],
  "device": "cpu"
}