language,characters,words,tokens,tokens_per_character,tokens_per_word
English,58.0,9.0,37.0,0.6379310344827587,4.111111111111111
Spanish,70.0,11.0,64.0,0.9142857142857143,5.818181818181818
Arabic,47.0,7.0,87.0,1.851063829787234,12.428571428571429
Hindi,53.0,11.0,139.0,2.6226415094339623,12.636363636363637
Yoruba,56.0,13.0,69.0,1.2321428571428572,5.3076923076923075
