{
  "aggregate_reference_flops_s": 282041909248.0,
  "config": {
    "block_size": 64,
    "d_model": 64,
    "mlp_ratio": 2,
    "n_heads": 4,
    "n_layers": 2,
    "vocab_size": 320
  },
  "device": "cpu",
  "largest_unit_parameters": 45120,
  "local_state_bytes_rank0": {
    "gradients": 254720,
    "optimizer": 509520,
    "parameters": 254720
  },
  "matched_phase_gradient_l2_abs_delta": 0.0,
  "matched_phase_loss_abs_delta": 0.0,
  "mfu_denominator": "aggregate local matmul roofline; CPU/GPU proxy, not vendor peak",
  "mode": "FSDP2 fully_shard",
  "parameter_count": 127360,
  "phases": [
    {
      "activation_checkpointing": false,
      "elapsed_seconds": 0.056845984000005956,
      "gradient_l2": 0.5363688998584131,
      "last_loss": 5.777777671813965,
      "mfu": 0.09761146224633449,
      "model_flops": 1564999680,
      "tokens_per_second": 36027.17124220746
    },
    {
      "activation_checkpointing": true,
      "elapsed_seconds": 0.06633962199998678,
      "gradient_l2": 0.5363688998584131,
      "last_loss": 5.777777671813965,
      "mfu": 0.08364261739497736,
      "model_flops": 1564999680,
      "tokens_per_second": 30871.44512219874
    }
  ],
  "precision_policy": "fp32",
  "saved_tensor_bytes": {
    "with_checkpoint": 610052,
    "without_checkpoint": 3130372
  },
  "seed": 73,
  "unit_parameter_counts": [
    41120,
    41120,
    45120
  ],
  "world_size": 2
}
