condition,expert,token_fraction,accuracy,balance_loss,z_loss
unbalanced,0,1.0,0.9835205078125,3.945800304412842,9.264017105102539
unbalanced,1,0.0,0.9835205078125,3.945800304412842,9.264017105102539
unbalanced,2,0.0,0.9835205078125,3.945800304412842,9.264017105102539
unbalanced,3,0.0,0.9835205078125,3.945800304412842,9.264017105102539
balanced,0,0.2657470703125,0.973388671875,1.0027122497558594,19.549039840698242
balanced,1,0.23046875,0.973388671875,1.0027122497558594,19.549039840698242
balanced,2,0.24560546875,0.973388671875,1.0027122497558594,19.549039840698242
balanced,3,0.2581787109375,0.973388671875,1.0027122497558594,19.549039840698242
