parameters,tokens,loss
25000000,300000000,4.69982822
40000000,1200000000,3.91915017
65000000,700000000,3.94437835
100000000,3500000000,3.29671534
160000000,1000000000,3.55187083
250000000,6000000000,2.94243226
400000000,2200000000,3.10338989
640000000,12000000000,2.63896678
900000000,5000000000,2.76358808
120000000,9000000000,3.04002095
300000000,15000000000,2.73162834
700000000,25000000000,2.50708892
